{"accuracy": 0.9877476005717787, "f1_score": 0.9877704244335584}